Customer ID,Customer Name,Segment,Region,State,City,Join Date
CUST-0001,Samantha Anderson,Consumer,Central,Texas,Houston,2023-05-17
CUST-0002,Donald Moore,Corporate,West,Washington,Spokane,2025-04-24
CUST-0003,Jason Jones,Consumer,East,Pennsylvania,Pittsburgh,2023-04-22
CUST-0004,Nicholas Brown,Corporate,South,Florida,Orlando,2023-03-28
CUST-0005,Laura Scott,Corporate,West,California,Los Angeles,2022-11-23
CUST-0006,Rachel Diaz,Consumer,West,Nevada,Las Vegas,2023-03-17
CUST-0007,Ruth Baker,Consumer,Central,Minnesota,Minneapolis,2022-07-18
CUST-0008,Amanda Hall,Corporate,West,California,San Diego,2024-07-29
CUST-0009,Jonathan Thomas,Home Office,Central,Minnesota,Minneapolis,2022-06-11
CUST-0010,Stephen Nguyen,Home Office,Central,Ohio,Cleveland,2025-03-28
CUST-0011,Matthew Rodriguez,Consumer,East,Massachusetts,Boston,2023-08-16
CUST-0012,David Robinson,Home Office,Central,Minnesota,Minneapolis,2023-07-24
CUST-0013,Ryan Campbell,Consumer,Central,Ohio,Columbus,2023-03-06
CUST-0014,Christine Wright,Corporate,West,Washington,Seattle,2025-06-01
CUST-0015,Samantha Perez,Corporate,East,New Jersey,Newark,2022-12-01
CUST-0016,Cynthia Carter,Consumer,East,Massachusetts,Boston,2023-10-27
CUST-0017,Julie Davis,Consumer,West,California,San Diego,2023-10-09
CUST-0018,Stephanie Wright,Consumer,Central,Texas,San Antonio,2023-03-12
CUST-0019,Katherine Murphy,Consumer,South,North Carolina,Charlotte,2022-10-20
CUST-0020,Ashley Moore,Consumer,Central,Illinois,Chicago,2025-04-12
CUST-0021,Jason Phillips,Consumer,West,Arizona,Phoenix,2024-11-09
CUST-0022,Amy Lopez,Corporate,West,Colorado,Denver,2022-11-10
CUST-0023,Benjamin Lee,Corporate,South,Florida,Tampa,2025-05-06
CUST-0024,William Roberts,Consumer,South,North Carolina,Charlotte,2024-12-19
CUST-0025,Paul Peterson,Home Office,West,California,Los Angeles,2022-08-23
CUST-0026,Debra Morgan,Corporate,Central,Michigan,Detroit,2022-08-17
CUST-0027,Donna Parker,Consumer,West,California,Los Angeles,2023-06-24
CUST-0028,Nicholas Thompson,Consumer,West,Oregon,Portland,2023-09-04
CUST-0029,Julie Cook,Corporate,West,Nevada,Las Vegas,2024-02-05
CUST-0030,Ruth Lee,Corporate,West,California,Los Angeles,2025-05-11
CUST-0031,Carol Morales,Consumer,Central,Ohio,Cleveland,2023-09-22
CUST-0032,Mark Davis,Consumer,West,Washington,Spokane,2022-06-25
CUST-0033,Carolyn Morales,Corporate,West,Arizona,Phoenix,2022-09-20
CUST-0034,Gregory Stewart,Home Office,East,New York,New York City,2023-06-27
CUST-0035,Angela Diaz,Home Office,East,Pennsylvania,Philadelphia,2023-10-01
CUST-0036,Stephanie Mitchell,Consumer,South,Georgia,Atlanta,2022-09-05
CUST-0037,Sandra Lewis,Consumer,West,California,San Francisco,2025-04-19
CUST-0038,Stephen Robinson,Corporate,West,California,Los Angeles,2022-05-26
CUST-0039,Raymond Davis,Consumer,West,California,San Diego,2023-11-08
CUST-0040,Elizabeth Rogers,Consumer,South,Virginia,Richmond,2023-03-15
CUST-0041,Helen Taylor,Corporate,South,Tennessee,Nashville,2023-05-13
CUST-0042,Tyler Stewart,Corporate,East,Pennsylvania,Philadelphia,2022-07-13
CUST-0043,Richard Parker,Consumer,South,Florida,Orlando,2024-08-14
CUST-0044,Henry Miller,Corporate,West,Oregon,Portland,2022-05-05
CUST-0045,Stephanie Baker,Corporate,West,Oregon,Portland,2023-05-25
CUST-0046,Matthew Harris,Corporate,West,Arizona,Phoenix,2024-05-14
CUST-0047,Margaret Scott,Consumer,West,Washington,Seattle,2024-06-26
CUST-0048,Diane Peterson,Consumer,West,California,Los Angeles,2022-07-11
CUST-0049,Kyle Walker,Consumer,South,Virginia,Richmond,2024-09-12
CUST-0050,Betty Phillips,Home Office,East,New York,New York City,2024-02-16
CUST-0051,James Roberts,Consumer,South,North Carolina,Charlotte,2023-08-08
CUST-0052,Jason Bailey,Corporate,South,Virginia,Richmond,2022-11-14
CUST-0053,Matthew Nguyen,Consumer,West,California,San Jose,2025-04-01
CUST-0054,Jack Cooper,Consumer,Central,Texas,San Antonio,2022-04-28
CUST-0055,Michael Morris,Consumer,East,New York,New York City,2022-04-27
CUST-0056,Shirley Hernandez,Home Office,West,Washington,Seattle,2025-05-03
CUST-0057,William Walker,Consumer,East,New Jersey,Newark,2025-03-31
CUST-0058,Scott Garcia,Corporate,South,Florida,Orlando,2025-04-10
CUST-0059,Larry Gutierrez,Consumer,Central,Illinois,Chicago,2023-02-23
CUST-0060,Christine Green,Consumer,South,Florida,Miami,2022-09-26
CUST-0061,Christine Hill,Consumer,West,Washington,Seattle,2022-01-20
CUST-0062,Ryan Gonzalez,Consumer,East,Pennsylvania,Pittsburgh,2024-11-02
CUST-0063,Ashley Taylor,Home Office,West,Washington,Seattle,2023-05-16
CUST-0064,Melissa Torres,Consumer,Central,Texas,Austin,2025-06-06
CUST-0065,Diane Ortiz,Consumer,Central,Texas,Austin,2022-08-01
CUST-0066,Douglas Moore,Consumer,West,Oregon,Portland,2025-02-07
CUST-0067,Karen Wright,Consumer,East,Pennsylvania,Pittsburgh,2023-12-04
CUST-0068,Anthony King,Consumer,Central,Illinois,Chicago,2022-04-15
CUST-0069,Barbara Diaz,Home Office,West,California,San Diego,2022-01-08
CUST-0070,Kevin Taylor,Corporate,Central,Illinois,Chicago,2022-11-27
CUST-0071,Jack Cruz,Corporate,South,Florida,Tampa,2025-02-22
CUST-0072,Mary Anderson,Consumer,West,Nevada,Las Vegas,2025-01-22
CUST-0073,Robert Mitchell,Corporate,West,Nevada,Las Vegas,2024-05-30
CUST-0074,Thomas Garcia,Consumer,West,California,San Diego,2024-01-03
CUST-0075,Anthony Young,Corporate,Central,Ohio,Columbus,2025-02-20
CUST-0076,Olivia Evans,Home Office,West,Nevada,Las Vegas,2023-04-30
CUST-0077,Henry Lee,Home Office,East,New York,Buffalo,2024-04-24
CUST-0078,Patricia Thompson,Corporate,Central,Michigan,Detroit,2024-04-23
CUST-0079,Aaron Young,Consumer,West,Oregon,Portland,2024-02-23
CUST-0080,Victoria Jones,Home Office,East,Massachusetts,Boston,2023-02-13
CUST-0081,Jose Collins,Consumer,East,Massachusetts,Boston,2023-04-02
CUST-0082,Patricia Harris,Consumer,Central,Texas,Houston,2022-05-23
CUST-0083,Jerry Scott,Consumer,South,Florida,Miami,2025-01-03
CUST-0084,Kevin Brown,Consumer,Central,Illinois,Chicago,2023-01-01
CUST-0085,Justin King,Consumer,South,Florida,Tampa,2023-12-09
CUST-0086,Carolyn Green,Consumer,West,Colorado,Denver,2024-02-28
CUST-0087,Kelly Harris,Consumer,South,Florida,Tampa,2022-01-04
CUST-0088,Eric Morgan,Corporate,East,Pennsylvania,Philadelphia,2024-01-16
CUST-0089,Sharon Rodriguez,Home Office,Central,Michigan,Detroit,2025-06-30
CUST-0090,Joshua Thomas,Corporate,Central,Texas,Austin,2024-11-04
CUST-0091,Emily Evans,Consumer,Central,Texas,Dallas,2025-02-09
CUST-0092,Thomas Harris,Consumer,Central,Minnesota,Minneapolis,2022-12-23
CUST-0093,Brandon Hill,Consumer,West,California,Los Angeles,2023-09-15
CUST-0094,Andrew Clark,Consumer,Central,Texas,San Antonio,2024-08-10
CUST-0095,Jeffrey Cruz,Corporate,South,Tennessee,Nashville,2022-12-14
CUST-0096,Gregory Hernandez,Consumer,Central,Michigan,Detroit,2022-07-11
CUST-0097,Jose Walker,Corporate,East,Massachusetts,Boston,2023-02-12
CUST-0098,Charles Brown,Consumer,South,Tennessee,Nashville,2025-06-05
CUST-0099,Nathan Martinez,Consumer,East,Pennsylvania,Philadelphia,2024-02-26
CUST-0100,Amy Phillips,Consumer,West,California,Los Angeles,2022-08-07
CUST-0101,Maria Diaz,Consumer,South,North Carolina,Charlotte,2022-04-13
CUST-0102,Anna Young,Home Office,West,Colorado,Denver,2024-07-23
CUST-0103,Sarah Reyes,Corporate,Central,Texas,San Antonio,2024-06-25
CUST-0104,Brandon Cook,Consumer,South,Georgia,Atlanta,2022-11-22
CUST-0105,Janet Stewart,Consumer,East,New Jersey,Newark,2023-07-22
CUST-0106,Jerry Gutierrez,Consumer,East,New Jersey,Newark,2023-07-17
CUST-0107,Jeffrey Martinez,Corporate,East,New Jersey,Newark,2023-07-11
CUST-0108,Kevin Green,Home Office,West,Washington,Spokane,2022-10-11
CUST-0109,Karen Robinson,Consumer,West,Nevada,Las Vegas,2023-03-15
CUST-0110,William Turner,Consumer,South,North Carolina,Charlotte,2024-05-01
CUST-0111,Linda Clark,Home Office,Central,Minnesota,Minneapolis,2025-04-11
CUST-0112,Rachel Williams,Home Office,Central,Minnesota,Minneapolis,2024-09-03
CUST-0113,James Rivera,Consumer,Central,Minnesota,Minneapolis,2024-05-08
CUST-0114,Jonathan Cooper,Corporate,East,Massachusetts,Boston,2024-09-26
CUST-0115,Donald Wright,Consumer,West,California,San Francisco,2024-03-07
CUST-0116,Michelle Phillips,Corporate,South,North Carolina,Charlotte,2022-09-19
CUST-0117,Emma Morgan,Consumer,South,Florida,Miami,2025-04-27
CUST-0118,Larry Brown,Consumer,South,Florida,Tampa,2022-10-05
CUST-0119,Henry Reyes,Consumer,Central,Illinois,Chicago,2024-02-16
CUST-0120,Carol Ramirez,Consumer,Central,Michigan,Detroit,2024-02-16
CUST-0121,Kimberly Turner,Consumer,West,Washington,Spokane,2024-08-21
CUST-0122,John Cooper,Consumer,Central,Ohio,Columbus,2023-04-05
CUST-0123,Katherine Rodriguez,Corporate,West,California,San Diego,2022-03-05
CUST-0124,Sandra Sanchez,Home Office,West,Nevada,Las Vegas,2023-05-04
CUST-0125,Thomas Stewart,Corporate,East,Pennsylvania,Pittsburgh,2024-08-10
CUST-0126,Rachel Allen,Corporate,East,New York,New York City,2025-05-25
CUST-0127,Nicole Anderson,Corporate,East,New York,New York City,2023-09-30
CUST-0128,Susan Brown,Home Office,Central,Minnesota,Minneapolis,2024-03-23
CUST-0129,Catherine Sanchez,Consumer,East,New Jersey,Newark,2022-07-28
CUST-0130,Rachel Hill,Home Office,West,Colorado,Denver,2025-03-05
CUST-0131,Tyler Garcia,Consumer,South,Florida,Tampa,2024-01-29
CUST-0132,William Cook,Corporate,West,California,Los Angeles,2024-05-10
CUST-0133,Virginia Morales,Consumer,Central,Ohio,Cleveland,2024-07-30
CUST-0134,Raymond Martin,Consumer,Central,Texas,Houston,2025-06-15
CUST-0135,Diane Morgan,Corporate,South,North Carolina,Charlotte,2024-06-11
CUST-0136,Virginia Wright,Consumer,East,New Jersey,Newark,2022-06-27
CUST-0137,Kimberly Edwards,Consumer,South,North Carolina,Charlotte,2025-03-13
CUST-0138,Brandon Carter,Consumer,South,Virginia,Richmond,2023-10-28
CUST-0139,Margaret Morales,Consumer,Central,Illinois,Chicago,2023-11-29
CUST-0140,Kimberly Scott,Corporate,East,Pennsylvania,Philadelphia,2022-06-25
CUST-0141,Mark Evans,Consumer,East,New Jersey,Newark,2024-09-02
CUST-0142,Samuel Morales,Consumer,West,California,San Francisco,2022-07-10
CUST-0143,Donna Lewis,Consumer,East,New Jersey,Newark,2023-09-20
CUST-0144,Gregory Mitchell,Consumer,Central,Ohio,Columbus,2024-05-21
CUST-0145,Janet Peterson,Consumer,South,North Carolina,Charlotte,2023-07-09
CUST-0146,Emily Allen,Consumer,East,Pennsylvania,Philadelphia,2023-10-09
CUST-0147,Jessica Morgan,Home Office,East,New York,Buffalo,2023-01-28
CUST-0148,Betty Morris,Consumer,Central,Texas,Dallas,2022-07-25
CUST-0149,Adam Harris,Consumer,Central,Ohio,Cleveland,2023-01-03
CUST-0150,Kenneth Johnson,Corporate,West,Arizona,Phoenix,2023-07-16
CUST-0151,Jennifer Miller,Corporate,West,Arizona,Phoenix,2024-10-02
CUST-0152,Susan Johnson,Corporate,South,Tennessee,Nashville,2024-09-07
CUST-0153,Jeffrey Baker,Consumer,West,California,San Jose,2023-06-02
CUST-0154,Henry Morris,Consumer,West,Washington,Seattle,2024-03-31
CUST-0155,Gary Martinez,Corporate,West,California,San Jose,2022-11-07
CUST-0156,Karen Hill,Consumer,East,New Jersey,Newark,2022-08-31
CUST-0157,Anna Turner,Corporate,East,Massachusetts,Boston,2024-12-06
CUST-0158,Edward Edwards,Home Office,Central,Texas,Austin,2025-04-20
CUST-0159,Jason Flores,Corporate,West,California,San Jose,2025-06-02
CUST-0160,Jack Gonzalez,Home Office,East,Pennsylvania,Pittsburgh,2023-03-09
CUST-0161,Ashley Hernandez,Consumer,East,New York,Buffalo,2025-02-04
CUST-0162,Elizabeth Lee,Consumer,South,Georgia,Atlanta,2025-05-01
CUST-0163,Jacob Nguyen,Consumer,Central,Texas,Dallas,2023-08-03
CUST-0164,Rachel Collins,Consumer,East,Massachusetts,Boston,2023-06-26
CUST-0165,Tyler Sanchez,Consumer,East,Massachusetts,Boston,2022-11-02
CUST-0166,Peter Wright,Home Office,West,Washington,Seattle,2022-05-03
CUST-0167,Nancy Flores,Corporate,Central,Texas,Dallas,2024-06-18
CUST-0168,Jessica Reyes,Corporate,South,Florida,Miami,2023-07-12
CUST-0169,Nicholas Cooper,Consumer,West,Washington,Spokane,2025-05-09
CUST-0170,Jennifer Parker,Corporate,Central,Illinois,Chicago,2022-02-22
CUST-0171,Barbara Robinson,Home Office,West,California,San Francisco,2023-07-06
CUST-0172,Brenda Garcia,Corporate,East,New York,Buffalo,2024-08-21
CUST-0173,Eric Cruz,Home Office,East,New York,Buffalo,2025-04-13
CUST-0174,Sharon Morales,Home Office,South,Tennessee,Nashville,2023-12-14
CUST-0175,Timothy Nelson,Consumer,West,Oregon,Portland,2022-11-26
CUST-0176,Kevin Evans,Corporate,Central,Texas,Dallas,2024-03-31
CUST-0177,Jose Peterson,Consumer,West,Washington,Spokane,2023-10-07
CUST-0178,Paul Adams,Consumer,South,Florida,Miami,2024-11-19
CUST-0179,Virginia Smith,Corporate,South,North Carolina,Charlotte,2024-04-26
CUST-0180,Michael Harris,Consumer,South,Virginia,Richmond,2024-06-24
CUST-0181,Ruth Miller,Consumer,West,Arizona,Phoenix,2023-08-13
CUST-0182,Jeffrey Morales,Consumer,East,New Jersey,Newark,2022-11-21
CUST-0183,Emily Peterson,Consumer,South,Florida,Orlando,2022-07-10
CUST-0184,Donald Anderson,Consumer,West,Colorado,Denver,2022-11-12
CUST-0185,Amy Nguyen,Consumer,Central,Texas,Houston,2024-04-30
CUST-0186,Adam Morris,Home Office,East,New Jersey,Newark,2024-07-24
CUST-0187,Stephen Jackson,Consumer,West,Arizona,Phoenix,2022-05-23
CUST-0188,Kimberly Turner,Consumer,Central,Texas,Houston,2022-01-06
CUST-0189,Andrew Hill,Home Office,South,Virginia,Richmond,2022-11-01
CUST-0190,Laura Morgan,Consumer,Central,Michigan,Detroit,2025-02-04
CUST-0191,Ruth Cooper,Consumer,Central,Texas,San Antonio,2023-01-22
CUST-0192,Rachel Walker,Corporate,East,Massachusetts,Boston,2024-04-21
CUST-0193,Jennifer Green,Corporate,Central,Minnesota,Minneapolis,2024-03-01
CUST-0194,Gregory Martin,Consumer,West,California,San Diego,2022-09-16
CUST-0195,Nicholas Nelson,Home Office,South,Georgia,Atlanta,2022-07-24
CUST-0196,Angela Collins,Consumer,West,Nevada,Las Vegas,2024-04-19
CUST-0197,Victoria Martin,Consumer,Central,Illinois,Chicago,2023-11-25
CUST-0198,Emma Gomez,Corporate,Central,Michigan,Detroit,2024-12-28
CUST-0199,Edward Green,Corporate,South,Virginia,Richmond,2025-01-13
CUST-0200,Robert Rodriguez,Consumer,Central,Texas,Dallas,2023-04-11
CUST-0201,Janet Lopez,Consumer,West,Oregon,Portland,2022-07-25
CUST-0202,Jeffrey Perez,Corporate,West,California,San Francisco,2022-04-05
CUST-0203,Carol Davis,Consumer,Central,Ohio,Cleveland,2024-06-01
CUST-0204,Charles Young,Corporate,East,New York,Buffalo,2022-12-15
CUST-0205,Daniel Hernandez,Corporate,Central,Minnesota,Minneapolis,2025-06-23
CUST-0206,Debra Walker,Consumer,West,Nevada,Las Vegas,2023-04-21
CUST-0207,Cynthia Allen,Consumer,West,California,Los Angeles,2024-08-10
CUST-0208,Kelly Torres,Corporate,East,New York,New York City,2022-06-01
CUST-0209,Jeffrey Hall,Home Office,Central,Texas,Austin,2024-05-18
CUST-0210,Alexander Allen,Consumer,Central,Texas,Austin,2023-02-12
CUST-0211,Deborah Morris,Consumer,Central,Minnesota,Minneapolis,2025-03-17
CUST-0212,Amanda Nguyen,Home Office,Central,Texas,Dallas,2022-02-14
CUST-0213,Adam Gomez,Consumer,West,California,San Jose,2025-05-26
CUST-0214,Janet Murphy,Home Office,Central,Texas,Dallas,2023-04-17
CUST-0215,Nicole Rivera,Consumer,East,Pennsylvania,Philadelphia,2025-06-25
CUST-0216,Paul Moore,Corporate,West,California,San Diego,2023-09-25
CUST-0217,Tyler Cruz,Consumer,Central,Ohio,Cleveland,2022-09-27
CUST-0218,Barbara Nguyen,Consumer,South,Florida,Orlando,2022-12-26
CUST-0219,Lisa Taylor,Corporate,Central,Ohio,Cleveland,2024-12-23
CUST-0220,Nicholas Wright,Home Office,Central,Illinois,Chicago,2024-09-13
CUST-0221,Diane Nguyen,Corporate,Central,Michigan,Detroit,2022-08-24
CUST-0222,Cynthia Martinez,Consumer,East,Massachusetts,Boston,2024-03-24
CUST-0223,Nathan Bailey,Consumer,South,Florida,Miami,2022-01-29
CUST-0224,Ashley Morgan,Consumer,Central,Ohio,Cleveland,2023-06-21
CUST-0225,Justin Carter,Home Office,Central,Ohio,Cleveland,2022-08-10
CUST-0226,Frank Robinson,Consumer,Central,Texas,San Antonio,2025-06-03
CUST-0227,Donald Rodriguez,Corporate,South,North Carolina,Charlotte,2023-09-11
CUST-0228,Katherine Evans,Consumer,West,California,San Diego,2022-03-18
CUST-0229,Kenneth Murphy,Consumer,East,New Jersey,Newark,2025-01-05
CUST-0230,Sarah Roberts,Consumer,South,Florida,Orlando,2025-04-17
CUST-0231,Janet Martin,Home Office,West,Oregon,Portland,2024-09-29
CUST-0232,Brandon Evans,Home Office,Central,Texas,Houston,2022-03-09
CUST-0233,Alexander Mitchell,Consumer,South,Georgia,Atlanta,2023-04-29
CUST-0234,Joyce Campbell,Consumer,Central,Ohio,Cleveland,2025-01-20
CUST-0235,Kelly Rivera,Consumer,Central,Texas,Houston,2023-01-24
CUST-0236,Jessica Collins,Consumer,East,Pennsylvania,Pittsburgh,2025-05-07
CUST-0237,John Miller,Corporate,East,New Jersey,Newark,2022-09-15
CUST-0238,Tyler Clark,Consumer,East,Pennsylvania,Pittsburgh,2025-04-15
CUST-0239,Betty Robinson,Consumer,West,Nevada,Las Vegas,2025-05-05
CUST-0240,James Scott,Home Office,West,Nevada,Las Vegas,2022-09-24
CUST-0241,Helen Allen,Corporate,West,Colorado,Denver,2022-02-22
CUST-0242,Thomas Johnson,Consumer,East,New Jersey,Newark,2025-04-20
CUST-0243,Carol Williams,Consumer,West,California,San Jose,2022-09-17
CUST-0244,Jack Turner,Corporate,West,Washington,Seattle,2024-09-02
CUST-0245,Laura Campbell,Consumer,West,Oregon,Portland,2024-07-14
CUST-0246,Nicholas Lewis,Home Office,West,California,San Diego,2024-12-03
CUST-0247,Kenneth Collins,Corporate,West,California,San Francisco,2022-05-05
CUST-0248,Kathleen Phillips,Consumer,West,Oregon,Portland,2024-10-01
CUST-0249,Catherine Cruz,Consumer,West,Washington,Spokane,2023-10-22
CUST-0250,Nicole Jackson,Consumer,Central,Texas,Houston,2025-04-13
CUST-0251,Stephen Adams,Consumer,Central,Texas,Dallas,2024-07-18
CUST-0252,Nicholas Parker,Consumer,West,Colorado,Denver,2025-02-03
CUST-0253,Patrick Ramirez,Consumer,East,Massachusetts,Boston,2024-04-27
CUST-0254,Michelle Collins,Consumer,West,Oregon,Portland,2023-10-03
CUST-0255,Jason Green,Corporate,Central,Ohio,Cleveland,2022-11-09
CUST-0256,Debra Stewart,Consumer,West,Washington,Spokane,2022-07-10
CUST-0257,Sharon Gonzalez,Corporate,Central,Ohio,Cleveland,2022-09-24
CUST-0258,Anna Davis,Corporate,Central,Michigan,Detroit,2022-09-08
CUST-0259,Timothy Rivera,Home Office,South,Florida,Tampa,2022-04-16
CUST-0260,Andrew Flores,Consumer,East,Pennsylvania,Pittsburgh,2022-11-13
CUST-0261,Gregory Morris,Consumer,West,Oregon,Portland,2023-12-19
CUST-0262,Nathan Bailey,Consumer,Central,Texas,Houston,2025-03-21
CUST-0263,Donald Diaz,Home Office,West,California,San Francisco,2025-06-01
CUST-0264,Kyle Wright,Consumer,Central,Texas,Houston,2023-09-25
CUST-0265,Christina Baker,Consumer,East,New York,Buffalo,2022-10-21
CUST-0266,Larry Phillips,Consumer,West,California,San Francisco,2022-07-07
CUST-0267,Janet Ortiz,Consumer,South,Florida,Orlando,2024-07-18
CUST-0268,Michelle Lee,Consumer,Central,Texas,San Antonio,2025-03-08
CUST-0269,Scott Hernandez,Home Office,West,Nevada,Las Vegas,2022-11-19
CUST-0270,Dennis Miller,Corporate,Central,Texas,Houston,2024-06-26
CUST-0271,Gregory Diaz,Consumer,South,Georgia,Atlanta,2024-04-28
CUST-0272,Steven Ramirez,Corporate,West,Colorado,Denver,2023-12-08
CUST-0273,Sharon Anderson,Consumer,South,Virginia,Richmond,2024-12-15
CUST-0274,Christine Flores,Consumer,South,Florida,Miami,2025-05-12
CUST-0275,Linda Smith,Consumer,East,Pennsylvania,Pittsburgh,2022-10-09
CUST-0276,Ruth Allen,Consumer,West,Colorado,Denver,2022-01-16
CUST-0277,Amy Parker,Consumer,Central,Minnesota,Minneapolis,2024-12-26
CUST-0278,Raymond Robinson,Consumer,Central,Ohio,Columbus,2022-05-28
CUST-0279,Ronald Garcia,Consumer,South,North Carolina,Charlotte,2022-06-09
CUST-0280,Henry Green,Corporate,South,Florida,Miami,2024-05-05
CUST-0281,Donna Anderson,Consumer,Central,Texas,San Antonio,2022-12-18
CUST-0282,Aaron Collins,Home Office,Central,Ohio,Cleveland,2022-06-30
CUST-0283,Sharon Wilson,Consumer,South,Florida,Miami,2024-12-09
CUST-0284,David Gomez,Home Office,Central,Michigan,Detroit,2023-03-30
CUST-0285,Kevin Perez,Consumer,West,Colorado,Denver,2024-12-22
CUST-0286,Shirley Harris,Home Office,Central,Ohio,Columbus,2023-12-21
CUST-0287,Carolyn Jackson,Consumer,West,Nevada,Las Vegas,2023-06-09
CUST-0288,Lisa Thompson,Corporate,West,Washington,Seattle,2022-12-29
CUST-0289,Jerry Murphy,Consumer,South,Georgia,Atlanta,2025-03-02
CUST-0290,Samuel Adams,Home Office,Central,Texas,San Antonio,2022-11-06
CUST-0291,Jeffrey Rodriguez,Consumer,Central,Texas,Austin,2023-07-17
CUST-0292,Pamela Davis,Consumer,West,Washington,Seattle,2023-09-28
CUST-0293,Cynthia Edwards,Consumer,Central,Ohio,Cleveland,2023-08-11
CUST-0294,Elizabeth Lopez,Corporate,Central,Minnesota,Minneapolis,2024-08-05
CUST-0295,Justin Peterson,Home Office,West,California,San Diego,2024-07-10
CUST-0296,Peter Harris,Consumer,South,Tennessee,Nashville,2024-10-23
CUST-0297,Karen Davis,Consumer,Central,Michigan,Detroit,2022-06-22
CUST-0298,Nicholas Thompson,Consumer,South,Georgia,Atlanta,2024-06-18
CUST-0299,Angela Gutierrez,Corporate,Central,Ohio,Cleveland,2024-02-03
CUST-0300,Christina Torres,Consumer,Central,Michigan,Detroit,2025-05-09
CUST-0301,Michael Nelson,Consumer,West,Oregon,Portland,2025-02-16
CUST-0302,Frank Roberts,Consumer,West,Nevada,Las Vegas,2023-11-14
CUST-0303,David Jackson,Home Office,Central,Texas,Austin,2024-03-13
CUST-0304,Thomas Hernandez,Consumer,Central,Minnesota,Minneapolis,2023-11-04
CUST-0305,Jose Taylor,Corporate,West,Washington,Spokane,2024-05-17
CUST-0306,Shirley Campbell,Consumer,Central,Texas,Austin,2023-01-05
CUST-0307,Betty Baker,Home Office,South,Virginia,Richmond,2023-01-29
CUST-0308,Donald Moore,Consumer,Central,Texas,Dallas,2022-07-27
CUST-0309,Nicholas Cooper,Home Office,West,California,San Diego,2023-11-21
CUST-0310,Douglas Taylor,Corporate,West,Nevada,Las Vegas,2022-11-29
CUST-0311,Margaret Perez,Corporate,West,California,San Diego,2024-04-21
CUST-0312,George Walker,Home Office,Central,Texas,Dallas,2024-07-08
CUST-0313,Dorothy Morgan,Consumer,South,Tennessee,Nashville,2023-02-02
CUST-0314,Melissa Cruz,Consumer,Central,Texas,Dallas,2024-02-22
CUST-0315,Nicholas Ortiz,Consumer,East,New York,New York City,2023-02-13
CUST-0316,Aaron Moore,Home Office,West,California,San Jose,2024-09-11
CUST-0317,Victoria Mitchell,Corporate,West,Oregon,Portland,2024-11-22
CUST-0318,Nathan Thomas,Consumer,East,New York,New York City,2023-07-13
CUST-0319,Laura Rogers,Consumer,South,Florida,Tampa,2022-07-07
CUST-0320,Peter Lewis,Corporate,Central,Ohio,Columbus,2022-02-24
CUST-0321,Rebecca Miller,Consumer,Central,Ohio,Cleveland,2023-04-28
CUST-0322,Deborah Hernandez,Consumer,West,California,San Francisco,2023-10-15
CUST-0323,Lauren Gonzalez,Home Office,Central,Michigan,Detroit,2022-10-27
CUST-0324,Sarah Jones,Consumer,South,Tennessee,Nashville,2022-10-12
CUST-0325,Ruth Stewart,Consumer,West,California,Los Angeles,2022-06-12
CUST-0326,John Allen,Consumer,West,Nevada,Las Vegas,2025-01-28
CUST-0327,Carolyn Ortiz,Consumer,Central,Texas,Dallas,2023-05-02
CUST-0328,Kenneth Thomas,Consumer,South,Florida,Orlando,2025-06-29
CUST-0329,Ryan Rodriguez,Consumer,South,Virginia,Richmond,2025-05-07
CUST-0330,Jonathan Williams,Corporate,East,New Jersey,Newark,2022-10-22
CUST-0331,Donna Diaz,Consumer,Central,Ohio,Columbus,2023-05-08
CUST-0332,Brenda Turner,Consumer,West,Washington,Spokane,2024-12-08
CUST-0333,George Rodriguez,Home Office,West,California,San Francisco,2024-03-10
CUST-0334,Victoria Stewart,Consumer,Central,Minnesota,Minneapolis,2024-02-04
CUST-0335,Paul Williams,Consumer,West,Washington,Seattle,2023-12-08
CUST-0336,Mark Wilson,Corporate,Central,Michigan,Detroit,2022-10-01
CUST-0337,Jennifer Rivera,Corporate,East,New York,Buffalo,2024-08-09
CUST-0338,Rachel Morris,Corporate,West,Arizona,Phoenix,2022-05-10
CUST-0339,Catherine Collins,Consumer,East,Pennsylvania,Philadelphia,2022-03-31
CUST-0340,Heather Sanchez,Home Office,Central,Texas,San Antonio,2023-09-28
CUST-0341,Shirley Gomez,Home Office,South,Tennessee,Nashville,2023-06-03
CUST-0342,Robert Harris,Consumer,West,California,San Jose,2023-11-11
CUST-0343,Steven Thomas,Corporate,South,Florida,Tampa,2024-03-30
CUST-0344,Janet Cruz,Home Office,Central,Minnesota,Minneapolis,2023-11-26
CUST-0345,Margaret Murphy,Corporate,Central,Ohio,Cleveland,2024-11-29
CUST-0346,Steven Hernandez,Corporate,West,Washington,Spokane,2024-05-31
CUST-0347,Nicole White,Corporate,Central,Texas,San Antonio,2022-07-30
CUST-0348,David Adams,Corporate,Central,Texas,Austin,2024-07-02
CUST-0349,Nicole Diaz,Consumer,South,Georgia,Atlanta,2023-12-21
CUST-0350,Laura Garcia,Corporate,Central,Ohio,Columbus,2025-06-13
CUST-0351,Sharon Scott,Corporate,West,California,San Jose,2022-06-03
CUST-0352,Christine Phillips,Consumer,East,New York,New York City,2022-03-05
CUST-0353,Charles Cruz,Consumer,West,Washington,Seattle,2023-04-29
CUST-0354,Maria Campbell,Consumer,West,California,San Diego,2025-05-24
CUST-0355,Karen Edwards,Home Office,Central,Ohio,Cleveland,2024-06-28
CUST-0356,Ruth Martinez,Corporate,Central,Ohio,Cleveland,2024-03-26
CUST-0357,Joshua Scott,Consumer,West,Colorado,Denver,2022-02-23
CUST-0358,Jack White,Consumer,Central,Minnesota,Minneapolis,2025-02-24
CUST-0359,Jessica King,Corporate,South,Georgia,Atlanta,2023-03-16
CUST-0360,Brandon Torres,Corporate,South,Virginia,Richmond,2023-02-14
CUST-0361,Jessica Moore,Home Office,South,Georgia,Atlanta,2022-12-20
CUST-0362,Kelly Cruz,Home Office,Central,Texas,San Antonio,2023-12-13
CUST-0363,Raymond Rodriguez,Corporate,Central,Texas,Dallas,2023-09-07
CUST-0364,Nathan Lee,Corporate,East,New York,Buffalo,2024-01-11
CUST-0365,Shirley Lewis,Consumer,East,Pennsylvania,Philadelphia,2022-10-12
CUST-0366,Mark Murphy,Consumer,Central,Ohio,Cleveland,2024-08-15
CUST-0367,Aaron Peterson,Consumer,West,Washington,Spokane,2022-05-15
CUST-0368,Emily Gomez,Home Office,South,Tennessee,Nashville,2024-12-12
CUST-0369,Timothy Evans,Home Office,West,Washington,Seattle,2022-09-14
CUST-0370,Joshua Martinez,Consumer,Central,Ohio,Columbus,2022-09-20
CUST-0371,Douglas Peterson,Corporate,East,New York,Buffalo,2022-09-22
CUST-0372,Sharon Cook,Home Office,West,California,San Jose,2022-09-12
CUST-0373,Eric Martin,Consumer,East,New York,New York City,2023-10-23
CUST-0374,Lauren Lewis,Consumer,Central,Texas,Dallas,2022-06-11
CUST-0375,Paul Sanchez,Corporate,Central,Texas,Houston,2022-09-14
CUST-0376,Benjamin Hill,Corporate,West,Washington,Spokane,2024-10-26
CUST-0377,Samuel Perez,Corporate,West,Nevada,Las Vegas,2022-12-17
CUST-0378,Gregory Baker,Home Office,West,California,San Diego,2022-02-28
CUST-0379,David Garcia,Home Office,Central,Illinois,Chicago,2023-03-08
CUST-0380,Jerry Turner,Corporate,West,California,San Francisco,2024-10-16
CUST-0381,Olivia Cooper,Consumer,Central,Texas,Austin,2024-09-16
CUST-0382,Sandra Phillips,Consumer,West,Washington,Seattle,2022-05-03
CUST-0383,Christopher Cruz,Consumer,South,North Carolina,Charlotte,2023-02-22
CUST-0384,Michelle Jackson,Consumer,Central,Texas,San Antonio,2023-12-09
CUST-0385,Stephanie Taylor,Corporate,West,Oregon,Portland,2023-10-16
CUST-0386,Mark Reyes,Consumer,South,Georgia,Atlanta,2023-05-23
CUST-0387,Charles Gonzalez,Consumer,Central,Minnesota,Minneapolis,2025-06-14
CUST-0388,Rebecca Young,Home Office,East,New York,New York City,2023-11-02
CUST-0389,Lauren Green,Consumer,East,New York,New York City,2024-10-17
CUST-0390,Shirley Reyes,Consumer,Central,Texas,Austin,2024-10-15
CUST-0391,John Lopez,Home Office,South,North Carolina,Charlotte,2023-05-09
CUST-0392,Betty Rivera,Consumer,Central,Texas,Dallas,2024-10-10
CUST-0393,Scott Stewart,Consumer,West,California,Los Angeles,2022-08-09
CUST-0394,Sharon Moore,Home Office,Central,Ohio,Cleveland,2024-04-05
CUST-0395,George Garcia,Consumer,East,Pennsylvania,Philadelphia,2024-01-13
CUST-0396,Stephen Torres,Consumer,South,Georgia,Atlanta,2025-01-31
CUST-0397,Kimberly Thomas,Consumer,West,Oregon,Portland,2024-03-17
CUST-0398,Melissa Baker,Corporate,Central,Ohio,Cleveland,2022-10-23
CUST-0399,Lisa Rogers,Consumer,West,California,San Diego,2022-04-03
CUST-0400,Robert Moore,Corporate,South,Tennessee,Nashville,2024-11-29
CUST-0401,Ryan Martin,Corporate,West,Arizona,Phoenix,2023-11-03
CUST-0402,Lauren Green,Consumer,Central,Texas,Austin,2025-04-30
CUST-0403,Michelle Cook,Home Office,South,Virginia,Richmond,2025-02-26
CUST-0404,Kenneth Stewart,Corporate,Central,Ohio,Cleveland,2023-11-10
CUST-0405,Frank Anderson,Home Office,Central,Texas,Austin,2022-02-24
CUST-0406,Scott Stewart,Consumer,East,Massachusetts,Boston,2022-04-16
CUST-0407,Justin Morris,Consumer,Central,Minnesota,Minneapolis,2022-10-30
CUST-0408,Virginia Young,Consumer,West,Colorado,Denver,2023-01-26
CUST-0409,John Cruz,Consumer,West,Nevada,Las Vegas,2024-04-25
CUST-0410,Alexander Clark,Consumer,South,Tennessee,Nashville,2022-05-08
CUST-0411,Raymond Moore,Consumer,Central,Texas,San Antonio,2024-09-06
CUST-0412,Angela Carter,Consumer,East,New York,Buffalo,2024-07-30
CUST-0413,Peter Morgan,Consumer,Central,Ohio,Columbus,2023-06-26
CUST-0414,Brandon Morris,Consumer,East,New Jersey,Newark,2023-07-26
CUST-0415,Anna Hill,Consumer,Central,Texas,Austin,2023-08-15
CUST-0416,Raymond Clark,Corporate,South,Virginia,Richmond,2023-10-12
CUST-0417,Kathleen Hall,Corporate,Central,Texas,Houston,2023-08-13
CUST-0418,Jessica Cooper,Consumer,South,Florida,Miami,2023-12-08
CUST-0419,Jerry Jackson,Consumer,Central,Texas,Dallas,2022-06-11
CUST-0420,Brian Cruz,Corporate,South,Tennessee,Nashville,2023-03-15
CUST-0421,Lisa Morgan,Consumer,Central,Texas,Houston,2022-10-09
CUST-0422,Susan Walker,Consumer,East,Massachusetts,Boston,2023-04-22
CUST-0423,Michael Gonzalez,Consumer,South,Tennessee,Nashville,2022-07-25
CUST-0424,Debra Moore,Consumer,East,New York,New York City,2024-04-13
CUST-0425,Katherine Stewart,Consumer,East,Pennsylvania,Philadelphia,2023-08-12
CUST-0426,Carol Torres,Corporate,West,Washington,Spokane,2025-03-21
CUST-0427,Dorothy Morgan,Corporate,West,California,San Diego,2022-12-25
CUST-0428,Rebecca Thompson,Home Office,West,California,San Diego,2024-03-24
CUST-0429,Tyler Murphy,Consumer,Central,Texas,Dallas,2022-03-18
CUST-0430,Mary Hill,Corporate,West,Oregon,Portland,2023-11-18
CUST-0431,Andrew Collins,Home Office,South,Virginia,Richmond,2022-10-02
CUST-0432,Nathan Cook,Consumer,East,Pennsylvania,Philadelphia,2022-08-19
CUST-0433,Kevin Lee,Corporate,Central,Illinois,Chicago,2023-01-17
CUST-0434,Mary Baker,Corporate,East,Pennsylvania,Philadelphia,2022-12-26
CUST-0435,Brandon Phillips,Home Office,Central,Texas,San Antonio,2022-06-27
CUST-0436,Stephanie Gonzalez,Consumer,West,Arizona,Phoenix,2024-09-04
CUST-0437,Carol Young,Consumer,Central,Minnesota,Minneapolis,2023-04-28
CUST-0438,Laura Wright,Home Office,Central,Texas,Austin,2025-04-07
CUST-0439,Patrick Johnson,Consumer,Central,Ohio,Cleveland,2023-04-29
CUST-0440,Linda Thomas,Consumer,East,New York,New York City,2024-04-10
CUST-0441,Debra Cook,Home Office,Central,Texas,Austin,2022-08-29
CUST-0442,Samantha Nguyen,Consumer,East,Massachusetts,Boston,2023-03-25
CUST-0443,Sarah Morris,Consumer,Central,Ohio,Cleveland,2024-05-01
CUST-0444,Rachel Peterson,Home Office,East,Pennsylvania,Pittsburgh,2023-05-22
CUST-0445,Debra Hernandez,Corporate,Central,Ohio,Cleveland,2022-06-09
CUST-0446,Christina Anderson,Consumer,East,Pennsylvania,Philadelphia,2025-03-18
CUST-0447,Jonathan Martin,Consumer,South,Georgia,Atlanta,2022-08-27
CUST-0448,Debra Clark,Corporate,South,Virginia,Richmond,2022-07-06
CUST-0449,Kelly Rogers,Consumer,West,California,San Jose,2024-07-17
CUST-0450,Thomas Rogers,Consumer,West,California,San Jose,2025-02-18
CUST-0451,Cynthia Flores,Corporate,South,Florida,Miami,2023-06-06
CUST-0452,Jose Smith,Corporate,West,Washington,Seattle,2022-04-03
CUST-0453,Jason Hall,Corporate,West,California,San Jose,2022-05-22
CUST-0454,Lauren Stewart,Consumer,South,Florida,Orlando,2023-01-04
CUST-0455,Jerry Moore,Corporate,South,Florida,Orlando,2024-02-06
CUST-0456,Zachary Carter,Consumer,Central,Minnesota,Minneapolis,2024-02-09
CUST-0457,David Cooper,Consumer,Central,Ohio,Columbus,2022-08-31
CUST-0458,Daniel Morgan,Consumer,West,Arizona,Phoenix,2023-04-02
CUST-0459,Adam Smith,Corporate,Central,Texas,Austin,2024-08-06
CUST-0460,Frank Cooper,Consumer,Central,Minnesota,Minneapolis,2023-04-16
CUST-0461,Sandra Collins,Consumer,Central,Texas,Houston,2023-01-22
CUST-0462,Lauren Anderson,Consumer,South,Florida,Orlando,2025-06-13
CUST-0463,Jerry Williams,Consumer,West,Washington,Seattle,2022-07-26
CUST-0464,Scott Jones,Consumer,West,California,San Jose,2023-05-17
CUST-0465,Jack Garcia,Consumer,East,Massachusetts,Boston,2025-01-10
CUST-0466,Betty Davis,Consumer,Central,Texas,Dallas,2023-04-25
CUST-0467,Jose Green,Corporate,Central,Texas,San Antonio,2023-05-01
CUST-0468,Kenneth Jackson,Home Office,East,Massachusetts,Boston,2024-04-26
CUST-0469,Kenneth Scott,Consumer,East,New York,Buffalo,2024-05-24
CUST-0470,Anna Murphy,Consumer,Central,Ohio,Columbus,2024-02-20
CUST-0471,Tyler Ortiz,Consumer,South,Florida,Orlando,2024-04-16
CUST-0472,Karen Hill,Consumer,South,Tennessee,Nashville,2023-05-09
CUST-0473,Nathan Lewis,Consumer,West,Nevada,Las Vegas,2024-08-06
CUST-0474,Christina Davis,Corporate,South,Florida,Orlando,2025-02-15
CUST-0475,Angela Moore,Consumer,Central,Illinois,Chicago,2023-02-21
CUST-0476,Kevin Hernandez,Home Office,Central,Ohio,Cleveland,2022-07-09
CUST-0477,Jonathan Harris,Consumer,Central,Minnesota,Minneapolis,2025-05-23
CUST-0478,Nicole Garcia,Home Office,East,Pennsylvania,Philadelphia,2025-04-18
CUST-0479,Patrick Bailey,Consumer,East,Pennsylvania,Pittsburgh,2023-11-13
CUST-0480,Kenneth Johnson,Consumer,East,Pennsylvania,Philadelphia,2022-08-29
CUST-0481,Janet Morris,Home Office,East,Pennsylvania,Pittsburgh,2024-03-23
CUST-0482,Christina Walker,Corporate,Central,Texas,Dallas,2024-02-19
CUST-0483,Cynthia Morgan,Corporate,Central,Texas,Austin,2023-06-20
CUST-0484,George Rogers,Home Office,South,North Carolina,Charlotte,2022-07-21
CUST-0485,Aaron Stewart,Corporate,Central,Texas,San Antonio,2023-02-21
CUST-0486,Melissa Green,Consumer,East,Massachusetts,Boston,2022-10-26
CUST-0487,John King,Corporate,South,Florida,Orlando,2023-08-28
CUST-0488,Karen Sanchez,Consumer,Central,Minnesota,Minneapolis,2025-03-12
CUST-0489,Adam Young,Consumer,Central,Michigan,Detroit,2023-06-12
CUST-0490,Ruth Morales,Home Office,South,Virginia,Richmond,2024-08-01
CUST-0491,Nancy Rivera,Consumer,South,Virginia,Richmond,2023-01-12
CUST-0492,Christina Cooper,Home Office,West,California,San Jose,2024-12-09
CUST-0493,Robert Martinez,Home Office,West,California,San Jose,2022-01-14
CUST-0494,Timothy Moore,Home Office,East,Massachusetts,Boston,2022-05-20
CUST-0495,Raymond Martin,Consumer,South,North Carolina,Charlotte,2024-02-04
CUST-0496,Linda Morris,Corporate,West,California,San Francisco,2022-01-14
CUST-0497,Jonathan Peterson,Consumer,West,California,San Francisco,2024-12-20
CUST-0498,Patrick Scott,Corporate,Central,Texas,Dallas,2022-02-05
CUST-0499,Nicholas Parker,Corporate,East,New York,Buffalo,2022-08-08
CUST-0500,Christina Gonzalez,Corporate,East,New Jersey,Newark,2023-01-29
CUST-0501,Emma Ortiz,Consumer,Central,Ohio,Columbus,2023-07-02
CUST-0502,Heather Gomez,Consumer,South,Florida,Miami,2024-07-29
CUST-0503,Larry Young,Home Office,East,Massachusetts,Boston,2023-09-07
CUST-0504,Debra Hernandez,Corporate,West,California,San Diego,2022-07-11
CUST-0505,Stephanie Carter,Consumer,South,Tennessee,Nashville,2022-04-25
CUST-0506,Samantha Johnson,Corporate,West,Washington,Spokane,2024-10-20
CUST-0507,Nathan Parker,Corporate,Central,Michigan,Detroit,2025-03-04
CUST-0508,Joyce Gonzalez,Home Office,West,California,San Diego,2023-04-16
CUST-0509,Betty Stewart,Consumer,West,Washington,Seattle,2023-07-29
CUST-0510,Kelly Cooper,Corporate,West,California,San Diego,2023-01-03
CUST-0511,Kyle Green,Consumer,East,Pennsylvania,Pittsburgh,2025-04-17
CUST-0512,Charles Gomez,Home Office,Central,Texas,Austin,2022-11-29
CUST-0513,Larry Walker,Corporate,Central,Minnesota,Minneapolis,2025-01-12
CUST-0514,Kevin Roberts,Corporate,West,Arizona,Phoenix,2022-06-10
CUST-0515,Nicholas Hall,Consumer,South,Florida,Tampa,2023-04-21
CUST-0516,Julie Martinez,Consumer,South,Florida,Miami,2023-10-31
CUST-0517,Patricia Wright,Corporate,South,Georgia,Atlanta,2024-10-01
CUST-0518,Dorothy Rivera,Corporate,Central,Minnesota,Minneapolis,2024-06-03
CUST-0519,Margaret Carter,Consumer,Central,Texas,Dallas,2023-05-20
CUST-0520,Catherine Martinez,Consumer,West,Nevada,Las Vegas,2024-02-18
CUST-0521,Catherine Martin,Corporate,Central,Texas,San Antonio,2024-01-09
CUST-0522,Susan Lopez,Consumer,Central,Texas,Austin,2024-06-29
CUST-0523,George Wright,Consumer,West,Washington,Spokane,2023-01-19
CUST-0524,Sharon Edwards,Corporate,South,Florida,Orlando,2022-07-31
CUST-0525,Patricia Lopez,Consumer,West,Washington,Spokane,2025-05-07
CUST-0526,Scott Adams,Home Office,West,California,Los Angeles,2023-08-21
CUST-0527,Timothy Roberts,Corporate,East,New Jersey,Newark,2025-03-17
CUST-0528,Eric Perez,Corporate,East,New York,New York City,2022-10-12
CUST-0529,Steven Hill,Consumer,West,Nevada,Las Vegas,2022-05-10
CUST-0530,Nancy Parker,Consumer,Central,Texas,Austin,2024-09-18
CUST-0531,Tyler Martinez,Consumer,East,New Jersey,Newark,2024-10-12
CUST-0532,Scott Sanchez,Consumer,West,Arizona,Phoenix,2023-09-16
CUST-0533,James Gomez,Consumer,Central,Minnesota,Minneapolis,2023-11-06
CUST-0534,Jeffrey Nelson,Consumer,West,Arizona,Phoenix,2023-09-08
CUST-0535,Carol Sanchez,Consumer,East,New York,Buffalo,2024-03-26
CUST-0536,Joshua Nguyen,Corporate,South,Virginia,Richmond,2025-03-25
CUST-0537,Tyler Young,Consumer,Central,Texas,Houston,2024-03-15
CUST-0538,George Anderson,Home Office,East,Pennsylvania,Philadelphia,2025-04-27
CUST-0539,Helen White,Corporate,West,California,San Francisco,2024-08-03
CUST-0540,Raymond Clark,Consumer,Central,Texas,Dallas,2022-05-22
CUST-0541,Jose Evans,Corporate,West,Arizona,Phoenix,2023-09-13
CUST-0542,Mark Allen,Corporate,South,Florida,Tampa,2024-02-12
CUST-0543,Elizabeth Edwards,Home Office,South,Tennessee,Nashville,2025-04-07
CUST-0544,Stephanie Morgan,Consumer,South,Florida,Orlando,2025-01-18
CUST-0545,Robert Campbell,Corporate,West,Washington,Spokane,2022-08-12
CUST-0546,Jerry Young,Corporate,Central,Ohio,Columbus,2022-12-07
CUST-0547,Samuel Garcia,Corporate,South,Florida,Miami,2023-11-11
CUST-0548,Heather Parker,Consumer,West,Oregon,Portland,2023-06-14
CUST-0549,Donald Rogers,Corporate,East,Massachusetts,Boston,2024-07-01
CUST-0550,Melissa Gomez,Consumer,West,Nevada,Las Vegas,2023-12-08
CUST-0551,Patricia Morris,Consumer,South,Florida,Orlando,2022-06-25
CUST-0552,Joseph Jackson,Consumer,Central,Michigan,Detroit,2024-07-21
CUST-0553,Tyler Clark,Corporate,Central,Ohio,Columbus,2024-09-02
CUST-0554,Richard Cruz,Corporate,South,Georgia,Atlanta,2023-10-16
CUST-0555,William Hill,Consumer,West,Colorado,Denver,2022-02-16
CUST-0556,Nathan Baker,Corporate,East,New York,New York City,2023-05-15
CUST-0557,Eric Thompson,Corporate,Central,Michigan,Detroit,2025-02-20
CUST-0558,Jason Reyes,Consumer,South,Florida,Miami,2023-01-13
CUST-0559,Margaret Parker,Consumer,East,Pennsylvania,Philadelphia,2024-07-09
CUST-0560,Pamela Diaz,Consumer,East,Pennsylvania,Pittsburgh,2023-02-26
CUST-0561,Kimberly Rodriguez,Corporate,East,New York,Buffalo,2024-01-20
CUST-0562,Carol Sanchez,Consumer,Central,Illinois,Chicago,2024-09-29
CUST-0563,Angela Green,Corporate,South,Florida,Miami,2025-04-17
CUST-0564,Joseph Hall,Consumer,South,North Carolina,Charlotte,2025-06-18
CUST-0565,Daniel Hill,Home Office,West,Washington,Spokane,2022-10-02
CUST-0566,Joshua Thomas,Consumer,West,Colorado,Denver,2023-01-10
CUST-0567,Melissa Jackson,Consumer,South,Florida,Orlando,2025-05-06
CUST-0568,Sarah Roberts,Consumer,South,Virginia,Richmond,2025-01-05
CUST-0569,Alexander Thompson,Corporate,South,Virginia,Richmond,2023-08-15
CUST-0570,Sarah White,Consumer,South,Georgia,Atlanta,2025-06-22
CUST-0571,Michael Rivera,Home Office,South,Virginia,Richmond,2022-10-07
CUST-0572,Matthew Roberts,Home Office,South,Virginia,Richmond,2024-04-17
CUST-0573,Debra Morales,Consumer,South,Georgia,Atlanta,2024-09-27
CUST-0574,Nancy Hernandez,Corporate,East,Massachusetts,Boston,2023-08-22
CUST-0575,Robert Scott,Consumer,Central,Texas,Dallas,2022-12-11
CUST-0576,Maria Collins,Corporate,South,Virginia,Richmond,2025-01-30
CUST-0577,Shirley Anderson,Corporate,Central,Texas,Houston,2025-01-17
CUST-0578,Virginia Campbell,Corporate,West,California,San Diego,2024-06-22
CUST-0579,Helen Ramirez,Home Office,West,Oregon,Portland,2023-05-22
CUST-0580,Kenneth Jones,Consumer,Central,Ohio,Columbus,2022-06-28
CUST-0581,Jeffrey Thomas,Corporate,East,New Jersey,Newark,2023-03-06
CUST-0582,Diane Hall,Home Office,South,Florida,Tampa,2022-12-06
CUST-0583,Brandon Moore,Corporate,East,Pennsylvania,Pittsburgh,2022-05-02
CUST-0584,Larry Hall,Corporate,East,New York,New York City,2023-10-25
CUST-0585,Raymond Nguyen,Consumer,Central,Texas,Houston,2024-11-19
CUST-0586,Kelly Gonzalez,Consumer,South,Florida,Orlando,2022-05-02
CUST-0587,Kimberly Taylor,Corporate,West,Arizona,Phoenix,2023-05-27
CUST-0588,Charles Adams,Home Office,South,Florida,Miami,2024-09-29
CUST-0589,Charles Wright,Corporate,Central,Minnesota,Minneapolis,2024-07-14
CUST-0590,Elizabeth Lopez,Consumer,Central,Texas,Houston,2024-01-26
CUST-0591,Ryan Morales,Consumer,West,California,Los Angeles,2022-07-10
CUST-0592,Carolyn Collins,Corporate,Central,Ohio,Columbus,2022-05-10
CUST-0593,Heather Morgan,Consumer,South,Florida,Tampa,2023-03-10
CUST-0594,Amy Wright,Consumer,Central,Texas,Dallas,2023-11-23
CUST-0595,Stephen Taylor,Corporate,South,Virginia,Richmond,2023-12-05
CUST-0596,Zachary Miller,Consumer,South,North Carolina,Charlotte,2022-02-03
CUST-0597,Jessica Lee,Consumer,West,California,Los Angeles,2024-05-26
CUST-0598,Lisa Taylor,Home Office,Central,Texas,Austin,2022-11-22
CUST-0599,Victoria Scott,Consumer,Central,Ohio,Cleveland,2023-05-28
CUST-0600,David Mitchell,Corporate,East,New York,New York City,2022-04-17
CUST-0601,Ronald Flores,Corporate,East,Massachusetts,Boston,2024-05-29
CUST-0602,Katherine Lopez,Corporate,West,California,Los Angeles,2023-03-14
CUST-0603,Kathleen Martinez,Consumer,East,Massachusetts,Boston,2024-11-29
CUST-0604,Debra Cruz,Consumer,Central,Michigan,Detroit,2022-09-04
CUST-0605,Henry Diaz,Corporate,South,Tennessee,Nashville,2022-05-26
CUST-0606,Dorothy Roberts,Consumer,West,Oregon,Portland,2022-07-31
CUST-0607,Joshua Mitchell,Home Office,West,Arizona,Phoenix,2024-02-23
CUST-0608,Maria Moore,Corporate,West,Nevada,Las Vegas,2022-05-21
CUST-0609,Angela Johnson,Corporate,East,New York,New York City,2024-06-20
CUST-0610,Brian Ramirez,Corporate,West,Nevada,Las Vegas,2024-04-23
CUST-0611,Brandon Cruz,Home Office,West,Washington,Spokane,2022-07-25
CUST-0612,Sarah Thomas,Corporate,Central,Minnesota,Minneapolis,2023-12-21
CUST-0613,Jason Green,Corporate,East,New Jersey,Newark,2023-07-22
CUST-0614,Samuel Hernandez,Consumer,Central,Texas,Dallas,2022-02-24
CUST-0615,Nathan Hill,Consumer,East,Pennsylvania,Philadelphia,2024-03-13
CUST-0616,Donna Miller,Corporate,East,New Jersey,Newark,2024-10-10
CUST-0617,Deborah Anderson,Consumer,West,Washington,Seattle,2024-12-17
CUST-0618,Olivia Johnson,Home Office,Central,Texas,San Antonio,2022-09-28
CUST-0619,Deborah Turner,Consumer,East,New York,Buffalo,2024-08-22
CUST-0620,Jerry Martinez,Consumer,West,Washington,Seattle,2022-01-29
CUST-0621,Ashley Ramirez,Consumer,West,California,San Jose,2024-03-26
CUST-0622,Nicholas Torres,Corporate,South,Florida,Orlando,2024-05-17
CUST-0623,Rachel Phillips,Consumer,West,Nevada,Las Vegas,2023-07-23
CUST-0624,David Flores,Consumer,East,Pennsylvania,Pittsburgh,2022-11-15
CUST-0625,Jonathan Adams,Consumer,West,Washington,Seattle,2023-09-28
CUST-0626,Rachel Parker,Corporate,East,New Jersey,Newark,2022-04-29
CUST-0627,Sandra Lopez,Home Office,West,Colorado,Denver,2024-07-17
CUST-0628,Brandon Davis,Consumer,East,New York,Buffalo,2022-09-02
CUST-0629,Mary Moore,Corporate,East,New York,New York City,2024-10-13
CUST-0630,Brian Gutierrez,Consumer,Central,Illinois,Chicago,2022-12-08
CUST-0631,Melissa Taylor,Corporate,Central,Texas,Houston,2022-08-30
CUST-0632,Jerry Brown,Consumer,South,Florida,Tampa,2023-07-12
CUST-0633,Angela Rodriguez,Consumer,West,Washington,Seattle,2024-10-13
CUST-0634,Ryan Rogers,Consumer,South,Virginia,Richmond,2025-03-06
CUST-0635,Nancy Mitchell,Consumer,West,Oregon,Portland,2025-03-21
CUST-0636,Frank Anderson,Consumer,West,California,Los Angeles,2022-04-01
CUST-0637,Joyce Johnson,Consumer,South,Tennessee,Nashville,2024-01-16
CUST-0638,Deborah Martin,Consumer,West,California,San Diego,2025-02-06
CUST-0639,Aaron Turner,Consumer,East,New Jersey,Newark,2024-05-02
CUST-0640,Christina Green,Consumer,West,Washington,Seattle,2025-03-16
CUST-0641,Melissa Thomas,Consumer,West,California,San Jose,2023-01-03
CUST-0642,Donald Gutierrez,Home Office,South,Florida,Miami,2022-05-22
CUST-0643,Douglas Reyes,Home Office,Central,Texas,Austin,2023-11-02
CUST-0644,Barbara Peterson,Consumer,Central,Ohio,Cleveland,2023-02-15
CUST-0645,Donna Hill,Corporate,East,New Jersey,Newark,2024-08-08
CUST-0646,Melissa Murphy,Home Office,East,Pennsylvania,Philadelphia,2025-01-24
CUST-0647,Ruth Young,Consumer,South,Florida,Orlando,2022-02-18
CUST-0648,Dorothy Cooper,Consumer,West,California,Los Angeles,2023-11-18
CUST-0649,James Carter,Home Office,Central,Texas,Austin,2022-08-01
CUST-0650,Anthony Ortiz,Home Office,South,Florida,Orlando,2024-10-04
CUST-0651,Linda Jackson,Corporate,West,Washington,Spokane,2022-03-31
CUST-0652,Christina Robinson,Home Office,South,Florida,Orlando,2024-02-02
CUST-0653,Ryan Hernandez,Corporate,West,Arizona,Phoenix,2024-03-18
CUST-0654,Elizabeth Davis,Consumer,West,Arizona,Phoenix,2023-04-30
CUST-0655,Donna King,Home Office,South,Florida,Miami,2023-10-31
CUST-0656,Joshua Edwards,Consumer,West,Washington,Seattle,2023-02-20
CUST-0657,Sarah Wilson,Consumer,East,New York,New York City,2024-07-09
CUST-0658,Cynthia Green,Consumer,Central,Ohio,Columbus,2023-03-02
CUST-0659,Laura Flores,Consumer,West,Colorado,Denver,2022-07-05
CUST-0660,Christopher Hill,Home Office,West,California,San Diego,2023-03-17
CUST-0661,Adam Adams,Consumer,East,New Jersey,Newark,2023-12-30
CUST-0662,Ronald Rogers,Consumer,Central,Texas,Austin,2023-06-17
CUST-0663,Jose Thompson,Consumer,South,Florida,Miami,2024-07-15
CUST-0664,Anna Peterson,Consumer,South,North Carolina,Charlotte,2022-07-28
CUST-0665,Aaron Moore,Consumer,West,California,San Jose,2023-04-01
CUST-0666,Thomas Sanchez,Home Office,Central,Ohio,Cleveland,2022-06-22
CUST-0667,Justin King,Home Office,West,Washington,Seattle,2022-02-14
CUST-0668,William Sanchez,Home Office,South,Georgia,Atlanta,2022-09-21
CUST-0669,Barbara Nelson,Consumer,South,North Carolina,Charlotte,2022-04-14
CUST-0670,Nancy Parker,Home Office,South,Florida,Miami,2024-10-13
CUST-0671,Patricia Carter,Corporate,East,New York,Buffalo,2023-12-26
CUST-0672,Betty White,Consumer,South,Georgia,Atlanta,2022-11-01
CUST-0673,Robert Young,Corporate,South,Virginia,Richmond,2024-04-23
CUST-0674,Douglas Peterson,Consumer,West,Washington,Spokane,2023-07-27
CUST-0675,Deborah Moore,Consumer,East,New Jersey,Newark,2025-01-18
CUST-0676,Heather Williams,Home Office,Central,Ohio,Columbus,2024-09-09
CUST-0677,Helen Morales,Consumer,Central,Texas,San Antonio,2024-03-06
CUST-0678,Steven White,Consumer,East,Massachusetts,Boston,2022-03-02
CUST-0679,Zachary Scott,Consumer,South,Tennessee,Nashville,2024-12-20
CUST-0680,Amanda Robinson,Home Office,West,Oregon,Portland,2023-05-23
CUST-0681,Gregory Walker,Consumer,West,California,San Jose,2023-03-26
CUST-0682,Brenda Roberts,Consumer,East,New York,Buffalo,2022-12-27
CUST-0683,Mark Green,Corporate,Central,Ohio,Columbus,2025-04-26
CUST-0684,Patricia Rivera,Home Office,West,Nevada,Las Vegas,2025-02-27
CUST-0685,Matthew Murphy,Corporate,East,New York,Buffalo,2024-10-01
CUST-0686,Robert Lopez,Consumer,East,Massachusetts,Boston,2022-02-10
CUST-0687,Angela Morris,Consumer,East,Pennsylvania,Philadelphia,2022-09-25
CUST-0688,Michelle Thompson,Home Office,Central,Texas,San Antonio,2022-05-02
CUST-0689,John Jackson,Corporate,West,Nevada,Las Vegas,2022-08-16
CUST-0690,Nathan Ortiz,Home Office,West,Washington,Seattle,2024-02-05
CUST-0691,Raymond Gomez,Corporate,Central,Michigan,Detroit,2023-09-11
CUST-0692,Carol Moore,Home Office,South,Florida,Tampa,2024-09-24
CUST-0693,Katherine Green,Consumer,Central,Ohio,Columbus,2023-04-03
CUST-0694,Christine Thompson,Consumer,Central,Texas,Dallas,2022-09-18
CUST-0695,Daniel Smith,Home Office,South,Florida,Miami,2025-03-08
CUST-0696,Robert White,Corporate,East,Massachusetts,Boston,2025-03-04
CUST-0697,Susan Murphy,Consumer,West,Washington,Seattle,2023-05-03
CUST-0698,Brian Green,Consumer,West,Washington,Spokane,2023-11-19
CUST-0699,Laura Johnson,Consumer,East,New Jersey,Newark,2022-05-19
CUST-0700,Brian Allen,Corporate,West,California,Los Angeles,2022-04-09
CUST-0701,Deborah Cruz,Corporate,East,New York,New York City,2024-04-27
CUST-0702,Amy Carter,Consumer,Central,Minnesota,Minneapolis,2022-07-27
CUST-0703,Adam Morris,Corporate,East,Massachusetts,Boston,2022-11-30
CUST-0704,Laura Martinez,Corporate,West,California,San Diego,2023-08-27
CUST-0705,John Green,Consumer,West,Oregon,Portland,2022-06-01
CUST-0706,Michelle Perez,Home Office,East,New York,New York City,2022-06-03
CUST-0707,Stephen Lopez,Consumer,South,Tennessee,Nashville,2022-03-05
CUST-0708,Sharon Perez,Corporate,South,Florida,Tampa,2022-11-18
CUST-0709,Michael Gonzalez,Consumer,East,Pennsylvania,Philadelphia,2024-04-18
CUST-0710,Rachel Peterson,Corporate,Central,Illinois,Chicago,2023-07-31
CUST-0711,Kenneth Walker,Consumer,South,Florida,Miami,2025-03-16
CUST-0712,Stephen Morales,Consumer,Central,Ohio,Cleveland,2022-01-08
CUST-0713,Jason Lopez,Consumer,South,Tennessee,Nashville,2023-02-13
CUST-0714,Richard Brown,Consumer,Central,Texas,Dallas,2022-06-17
CUST-0715,Jacob Anderson,Consumer,South,Florida,Miami,2024-08-22
CUST-0716,Gary King,Consumer,Central,Minnesota,Minneapolis,2023-01-14
CUST-0717,Melissa Carter,Consumer,South,Georgia,Atlanta,2022-04-02
CUST-0718,Ashley Cruz,Consumer,East,Massachusetts,Boston,2023-07-05
CUST-0719,Larry Davis,Consumer,West,Oregon,Portland,2022-06-25
CUST-0720,Christine Hall,Corporate,South,Florida,Orlando,2025-04-22
CUST-0721,Dorothy Peterson,Consumer,Central,Minnesota,Minneapolis,2024-12-06
CUST-0722,Rebecca Morgan,Corporate,South,Tennessee,Nashville,2025-03-18
CUST-0723,Douglas Walker,Consumer,West,Washington,Spokane,2024-03-19
CUST-0724,Kelly Jones,Consumer,West,Nevada,Las Vegas,2022-09-04
CUST-0725,Dennis Edwards,Consumer,East,New York,New York City,2023-03-10
CUST-0726,Diane Harris,Consumer,South,Florida,Tampa,2022-06-10
CUST-0727,Debra Parker,Consumer,West,Nevada,Las Vegas,2025-05-03
CUST-0728,Ashley Green,Home Office,West,Washington,Seattle,2022-06-28
CUST-0729,Deborah Bailey,Consumer,Central,Texas,San Antonio,2023-07-20
CUST-0730,Eric Collins,Home Office,West,California,Los Angeles,2025-06-30
CUST-0731,Pamela Gutierrez,Corporate,West,Colorado,Denver,2024-04-28
CUST-0732,Karen Jackson,Corporate,West,Oregon,Portland,2022-08-05
CUST-0733,Larry Gonzalez,Corporate,Central,Ohio,Columbus,2024-04-21
CUST-0734,Ashley Roberts,Corporate,South,Tennessee,Nashville,2022-03-18
CUST-0735,Daniel Scott,Consumer,South,Florida,Miami,2022-03-21
CUST-0736,Ronald Nelson,Corporate,West,California,San Jose,2024-08-31
CUST-0737,Christina Wright,Home Office,West,California,San Francisco,2023-11-23
CUST-0738,Jose Hill,Consumer,South,Virginia,Richmond,2022-07-21
CUST-0739,Victoria Robinson,Consumer,South,Georgia,Atlanta,2023-10-20
CUST-0740,Steven Turner,Corporate,West,Washington,Spokane,2023-01-20
CUST-0741,Jeffrey Ramirez,Home Office,South,Florida,Orlando,2024-09-19
CUST-0742,Ruth Gutierrez,Home Office,West,California,San Jose,2024-11-21
CUST-0743,Heather Lee,Consumer,South,Florida,Miami,2022-10-05
CUST-0744,Maria Ortiz,Home Office,West,California,San Francisco,2022-12-22
CUST-0745,Matthew Sanchez,Home Office,East,New Jersey,Newark,2022-03-09
CUST-0746,Ryan Miller,Home Office,East,Pennsylvania,Philadelphia,2023-07-16
CUST-0747,Melissa Reyes,Consumer,West,Colorado,Denver,2022-03-04
CUST-0748,Mark Mitchell,Consumer,South,Georgia,Atlanta,2022-12-30
CUST-0749,Victoria Stewart,Corporate,Central,Ohio,Columbus,2023-12-07
CUST-0750,Christopher King,Corporate,West,Washington,Spokane,2023-08-07
CUST-0751,Patricia Roberts,Consumer,East,Pennsylvania,Pittsburgh,2023-03-30
CUST-0752,Samuel Lewis,Corporate,Central,Texas,Houston,2024-04-18
CUST-0753,Shirley Williams,Home Office,West,California,Los Angeles,2024-08-28
CUST-0754,Peter Taylor,Corporate,West,California,Los Angeles,2023-04-04
CUST-0755,Paul Flores,Corporate,Central,Texas,Houston,2024-05-17
CUST-0756,Zachary Carter,Home Office,South,North Carolina,Charlotte,2023-06-01
CUST-0757,Betty Reyes,Consumer,South,Florida,Miami,2025-04-12
CUST-0758,Susan Smith,Consumer,Central,Ohio,Cleveland,2025-02-23
CUST-0759,Samuel Torres,Consumer,West,Oregon,Portland,2024-09-13
CUST-0760,William Baker,Home Office,Central,Texas,San Antonio,2023-07-22
CUST-0761,Ashley Hill,Consumer,East,New Jersey,Newark,2022-04-27
CUST-0762,Diane Phillips,Corporate,West,Arizona,Phoenix,2022-02-22
CUST-0763,Katherine Murphy,Home Office,Central,Illinois,Chicago,2024-05-07
CUST-0764,Stephanie Roberts,Corporate,East,Pennsylvania,Philadelphia,2023-12-04
CUST-0765,Patrick Lewis,Corporate,South,Tennessee,Nashville,2024-01-05
CUST-0766,Nicholas Hill,Home Office,East,New York,Buffalo,2023-08-25
CUST-0767,Richard Stewart,Consumer,Central,Illinois,Chicago,2025-02-18
CUST-0768,Ruth White,Home Office,Central,Michigan,Detroit,2022-07-02
CUST-0769,Donald Rivera,Consumer,Central,Texas,Austin,2024-05-11
CUST-0770,Tyler Nelson,Consumer,Central,Texas,Dallas,2024-08-07
CUST-0771,Nathan Thomas,Consumer,West,Washington,Seattle,2024-08-25
CUST-0772,Olivia Harris,Consumer,Central,Minnesota,Minneapolis,2024-12-21
CUST-0773,Kenneth Evans,Consumer,West,Nevada,Las Vegas,2022-10-09
CUST-0774,Lisa Baker,Consumer,South,North Carolina,Charlotte,2022-10-21
CUST-0775,Joshua White,Corporate,South,Virginia,Richmond,2023-11-13
CUST-0776,Benjamin Thompson,Consumer,West,California,San Jose,2022-01-10
CUST-0777,Laura Scott,Consumer,East,New York,New York City,2025-03-26
CUST-0778,Ruth Lee,Consumer,West,Washington,Spokane,2022-09-23
CUST-0779,Brandon Parker,Corporate,South,Florida,Miami,2024-05-28
CUST-0780,Kathleen Roberts,Consumer,East,Pennsylvania,Philadelphia,2024-02-04
CUST-0781,Mary Adams,Corporate,East,Pennsylvania,Philadelphia,2022-02-06
CUST-0782,Frank Smith,Corporate,East,New Jersey,Newark,2023-04-09
CUST-0783,Alexander Hall,Consumer,West,Oregon,Portland,2024-02-25
CUST-0784,Nicholas Flores,Consumer,West,California,San Diego,2023-09-03
CUST-0785,Donna Collins,Corporate,Central,Michigan,Detroit,2024-06-07
CUST-0786,Olivia Moore,Consumer,South,Virginia,Richmond,2024-01-06
CUST-0787,Dennis Harris,Consumer,South,Florida,Miami,2022-02-09
CUST-0788,Dorothy Lewis,Corporate,West,Arizona,Phoenix,2023-03-09
CUST-0789,Carolyn Williams,Corporate,East,New York,New York City,2022-09-10
CUST-0790,George Jones,Consumer,Central,Illinois,Chicago,2024-12-31
CUST-0791,Emma Miller,Corporate,West,California,San Jose,2022-08-10
CUST-0792,Katherine Williams,Consumer,West,Colorado,Denver,2024-05-03
CUST-0793,Jeffrey Carter,Consumer,Central,Illinois,Chicago,2024-08-29
CUST-0794,Rachel Martin,Consumer,West,California,Los Angeles,2023-09-09
CUST-0795,Rebecca Gonzalez,Corporate,Central,Texas,Houston,2025-06-29
CUST-0796,Nicole Moore,Consumer,West,Oregon,Portland,2024-11-13
CUST-0797,Patrick Thomas,Consumer,West,Oregon,Portland,2024-10-16
CUST-0798,Lisa Sanchez,Corporate,East,Pennsylvania,Philadelphia,2024-01-04
CUST-0799,Raymond Evans,Consumer,West,California,San Diego,2025-01-27
CUST-0800,Amy Clark,Corporate,South,Tennessee,Nashville,2023-11-09
CUST-0801,Mark Smith,Consumer,West,Washington,Spokane,2022-08-15
CUST-0802,Adam Murphy,Consumer,West,Washington,Spokane,2024-11-13
CUST-0803,Elizabeth Gonzalez,Home Office,East,Massachusetts,Boston,2024-07-24
CUST-0804,Donna King,Consumer,West,Oregon,Portland,2022-12-24
CUST-0805,Victoria Garcia,Home Office,Central,Ohio,Cleveland,2023-10-03
CUST-0806,Jason Anderson,Consumer,West,California,San Diego,2022-01-20
CUST-0807,Joyce Moore,Corporate,East,New York,New York City,2023-11-05
CUST-0808,Amanda Cruz,Home Office,Central,Texas,Houston,2022-07-10
CUST-0809,Melissa Baker,Consumer,South,Florida,Miami,2024-03-30
CUST-0810,Ryan Wright,Home Office,South,Tennessee,Nashville,2024-05-13
CUST-0811,Katherine Perez,Consumer,West,California,San Jose,2022-11-23
CUST-0812,Susan Turner,Home Office,South,Tennessee,Nashville,2025-03-11
CUST-0813,Frank Cruz,Consumer,Central,Minnesota,Minneapolis,2024-01-05
CUST-0814,Brandon Brown,Home Office,West,Arizona,Phoenix,2024-09-16
CUST-0815,Christina Morales,Consumer,South,Florida,Orlando,2024-06-21
CUST-0816,Jennifer Rodriguez,Consumer,Central,Texas,San Antonio,2022-01-26
CUST-0817,Raymond Ortiz,Corporate,East,Massachusetts,Boston,2023-11-24
CUST-0818,Eric Gutierrez,Corporate,West,Oregon,Portland,2024-06-05
CUST-0819,Gregory Young,Consumer,Central,Minnesota,Minneapolis,2022-11-01
CUST-0820,Julie Bailey,Home Office,West,California,San Jose,2022-01-24
CUST-0821,Samuel Lee,Consumer,South,Tennessee,Nashville,2024-10-12
CUST-0822,Victoria Perez,Consumer,South,Virginia,Richmond,2023-10-19
CUST-0823,Mark Nelson,Home Office,West,California,San Jose,2024-11-04
CUST-0824,Donald Peterson,Corporate,South,Florida,Miami,2023-04-27
CUST-0825,David Collins,Consumer,South,Georgia,Atlanta,2022-06-30
CUST-0826,Joyce Murphy,Consumer,West,Colorado,Denver,2024-10-15
CUST-0827,Janet Williams,Consumer,South,Florida,Orlando,2022-03-15
CUST-0828,Anna Peterson,Consumer,West,Washington,Spokane,2025-05-22
CUST-0829,Emma Hill,Home Office,East,Pennsylvania,Pittsburgh,2024-07-23
CUST-0830,Michelle Campbell,Home Office,East,Massachusetts,Boston,2024-07-19
CUST-0831,Kevin Bailey,Corporate,South,Tennessee,Nashville,2024-01-15
CUST-0832,Catherine Edwards,Consumer,East,Massachusetts,Boston,2022-01-05
CUST-0833,Michelle Rivera,Home Office,Central,Texas,Dallas,2025-01-26
CUST-0834,Eric Mitchell,Corporate,West,California,San Diego,2022-12-03
CUST-0835,Amy Moore,Home Office,South,Florida,Orlando,2022-08-08
CUST-0836,Paul Sanchez,Consumer,South,Florida,Miami,2023-03-18
CUST-0837,Ryan Harris,Corporate,West,Oregon,Portland,2024-04-28
CUST-0838,Jennifer Thomas,Corporate,South,Georgia,Atlanta,2024-07-25
CUST-0839,Gregory Cook,Consumer,South,Virginia,Richmond,2022-01-09
CUST-0840,Angela Miller,Corporate,South,Florida,Tampa,2025-04-13
CUST-0841,Kathleen Rogers,Corporate,East,New York,Buffalo,2025-03-30
CUST-0842,Daniel Taylor,Consumer,Central,Texas,San Antonio,2024-10-29
CUST-0843,Douglas Roberts,Consumer,East,New Jersey,Newark,2023-07-15
CUST-0844,Ronald Baker,Home Office,South,Georgia,Atlanta,2022-10-01
CUST-0845,Sarah Evans,Corporate,Central,Texas,Austin,2025-01-26
CUST-0846,Henry Green,Corporate,East,Pennsylvania,Pittsburgh,2023-02-16
CUST-0847,Anthony Nguyen,Corporate,West,Arizona,Phoenix,2022-12-31
CUST-0848,Nicholas Cooper,Corporate,Central,Texas,San Antonio,2022-08-25
CUST-0849,Ruth Rivera,Corporate,South,Florida,Orlando,2024-12-29
CUST-0850,Andrew Diaz,Corporate,West,Oregon,Portland,2022-02-21
